Barcode,Name,Category,Price,Discount,Qty,UpdatedAt,Info,Rx,Image
,Antilice Comb,Cosmetics & Personal Care,8.0,0,1,,,FALSE,
,Baby Comb,Baby & Family Care,5.0,0,1,,,FALSE,
,Kiko S/silicon Pacifer,Baby & Family Care,13.0,0,1,,,FALSE,
,Babyzone Pacifer,Baby & Family Care,6.0,0,6,,,FALSE,
,Baby Zone Baby Pacifer,Baby & Family Care,6.0,0,1,,,FALSE,
,Baby Zone Pacifer,Baby & Family Care,6.0,0,1,,,FALSE,
,Babyzone Pacifier/chain,Baby & Family Care,9.0,0,1,,,FALSE,
,Babyzone Nipple,Baby & Family Care,6.5,0,10,,,FALSE,
,Babyzone T/water,Baby & Family Care,10.25,0,3,,,FALSE,
,Water Filled Teether,Baby & Family Care,4.9,0,1,,,FALSE,
,Babyzone Teether Silicon,Baby & Family Care,13.0,0,4,,,FALSE,
,Babyzone Milk Powder,Baby & Family Care,15.0,0,1,,,FALSE,
,Babyzone B/brsh Small,Baby & Family Care,11.0,0,4,,,FALSE,
,Babyzone Bottel&nipple Brush,Baby & Family Care,5.5,0,1,,,FALSE,
,Babyzone Comb&brush,Baby & Family Care,12.0,0,1,,,FALSE,
,Babyzone N/device,Baby & Family Care,9.5,0,4,,,FALSE,
,Babyzone B/pump,Baby & Family Care,8.0,0,2,,,FALSE,
,Babyzone Brust PAD,Baby & Family Care,8.0,0,3,,,FALSE,
,Babyzone Mnul Breast PMP,Baby & Family Care,45.0,0,6,,,FALSE,
,Babyzone F/B 60ML Plastic,Baby & Family Care,9.8,0,2,,,FALSE,
,Babyzone 240ML,Baby & Family Care,15.5,0,4,,,FALSE,
,Babyzone F/B,Baby & Family Care,17.0,0,1,,,FALSE,
,Babyzone Glass F/B W/hndl 120ML,Baby & Family Care,16.0,0,1,,,FALSE,
,Babyzone F/B 250ML G,Baby & Family Care,15.0,0,1,,,FALSE,
,Babyzone G Bottel,Baby & Family Care,11.0,0,1,,,FALSE,
,Babyzone F/B 240ML,Baby & Family Care,12.0,0,2,,,FALSE,
,Babyzone F/B W/filter,Baby & Family Care,9.0,0,1,,,FALSE,
,Babyzone 250ML F/B W Hndl,Baby & Family Care,18.0,0,14,,,FALSE,
,250MLCOLOR Bottel,General,14.0,0,6,,,FALSE,
,Babyzone F/B Long 240ML,Baby & Family Care,20.0,0,2,,,FALSE,
,Babyzone 120ML,Baby & Family Care,12.0,0,1,,,FALSE,
,Babyzone F Bottle 350ML W/H,Baby & Family Care,17.0,0,1,,,FALSE,
,Accu Chek Instant Glucometer,Medical Devices,200.0,0,3,,,FALSE,
,Accu Chek Instant Strip,General,70.0,0,16,,,FALSE,
,Accucheck Machine,General,140.0,0,1,,,FALSE,
,Acetab 25MG TAB,Medicine,20.25,0,1,,,FALSE,
,Acical Plus Chew TAB,Medicine,7.0,0,3,,,FALSE,
,Aciloc 20MG 14CAP,Medicine,45.95,0,7,,,FALSE,
,Aciloc 40MG 14TAB,Medicine,61.0,0,15,,,FALSE,
,Acretin 0.05% Cream,Medicine,19.25,0,6,,,FALSE,
,Acretin 0.25% Cream,Medicine,18.85,0,2,,,FALSE,
,Adol 125 MG Supp,Medicine,4.9,0,3,,,FALSE,
,Adol 250 Supp,Medicine,5.6,0,12,,,FALSE,
,Adol 500 MG Supp,Medicine,7.4,0,45,,,FALSE,
,Adol Caplet,Medicine,4.91,0,26,,,FALSE,
,Adol Drop,Medicine,4.8,0,21,,,FALSE,
,Adol SYR,Medicine,5.8,0,14,,,FALSE,
,Adult Diaper Fine Care L 4X20,Baby & Family Care,45.0,0,7,,,FALSE,
,Adult Diaper Sanita Large,Baby & Family Care,37.0,0,3,,,FALSE,
,Adult Diaper Sanita X Large,Baby & Family Care,43.0,0,2,,,FALSE,
,Advil 200MG TAB,Medicine,8.65,0,25,,,FALSE,
,Advil Cold AND Sinus,General,11.75,0,45,,,FALSE,
,Aerius 5MG 18TAB,Medicine,23.3,0,2,,,FALSE,
,Agiolax GRN 250GM,General,22.45,0,2,,,FALSE,
,Agout 40MG 30TAB,Medicine,106.0,0,2,,,FALSE,
,Airfast 10MG,Medicine,100.1,0,2,,,FALSE,
,Airfast Pedia 4MG Granuls,Medicine,95.15,0,4,,,FALSE,
,Alcohol Swab 100PCS,General,6.0,0,17,,,FALSE,
,Alcohol Swab BOX 200,General,10.0,0,9,,,FALSE,
,Alcohol Swab Loose,General,1.0,0,68,,,FALSE,
,Aldactone 100MG 10TAB,Medicine,25.05,0,2,,,FALSE,
,Aldactone 25MG 20TAB,Medicine,18.0,0,2,,,FALSE,
,Aldomet 250MG TAB,Medicine,18.35,0,2,,,FALSE,
,Alendro 70MG TAB,Medicine,43.65,0,1,,,FALSE,
,Alfacort CRM,General,7.08,0,9,,,FALSE,
,Alka UR Sachets,Medicine,18.4,0,14,,,FALSE,
,Alkaur Sachets 10,Medicine,9.75,0,5,,,FALSE,
,Alkaur Sachets 30,Medicine,29.25,0,4,,,FALSE,
,Allerfin 4MG TAB,Medicine,2.55,0,18,,,FALSE,
,Allzyme Original 20TAB,Medicine,32.8,0,9,,,FALSE,
,Always 10PAD,General,7.0,0,81,,,FALSE,
,Always 24X10PAD Violet,General,7.0,0,43,,,FALSE,
,Always 30PAD,General,15.0,0,10,,,FALSE,
,Always 50PAD,General,23.0,0,10,,,FALSE,
,Ambolar 100ML SYP,Medicine,7.15,0,51,,,FALSE,
,Amlocard 5MG TAB,Medicine,26.45,0,108,,,FALSE,
,Amlor 10MG,Medicine,64.4,0,1,,,FALSE,
,Amlor 5MG,Medicine,62.25,0,2,,,FALSE,
,Amrizol Supp,Medicine,7.8,0,2,,,FALSE,
,Amrizole SYP,Medicine,6.55,0,1,,,FALSE,
,Amvasc 5 MG,Medicine,53.35,0,2,,,FALSE,
,Amydramine II Syrup 120ML,Medicine,7.72,0,7,,,FALSE,
,Amydramine SYR Adul,Medicine,8.3,0,2,,,FALSE,
,Amydramine SYR Peadiac,Medicine,5.15,0,4,,,FALSE,
,Anafranil 10MG,Medicine,17.9,0,12,,,FALSE,
,Anazol 125MG SYP,Medicine,6.9,0,2,,,FALSE,
,Anazol 200MG SYP,Medicine,10.05,0,4,,,FALSE,
,Anazol 250MG TAB,Medicine,6.45,0,29,,,FALSE,
,Anazol 500MG TAB,Medicine,14.85,0,25,,,FALSE,
,Anti Lice Comb Normal,Cosmetics & Personal Care,9.0,0,1,,,FALSE,
,Anti Lice Shampoo Klienze,Cosmetics & Personal Care,23.0,0,3,,,FALSE,
,Antikast 10MG,Medicine,40.05,0,13,,,FALSE,
,Antilice Shampoo Sinnan 125ML,Cosmetics & Personal Care,23.0,0,1,,,FALSE,
,Apigen DRP,General,3.4,0,3,,,FALSE,
,Apisal DRP,General,5.7,0,9,,,FALSE,
,ARM Sling Fitrite,General,25.0,0,1,,,FALSE,
,Artiz TAB,Medicine,9.51,0,100,,,FALSE,
,Aspicard 81MG,Medicine,19.5,0,6,,,FALSE,
,Aspirin Prot Child 100MG,Medicine,19.05,0,37,,,FALSE,
,Astatin 10MG,Medicine,43.45,0,4,,,FALSE,
,Astatin 20MG 30TAB,Medicine,43.45,0,2,,,FALSE,
,Astroglide GEL 35ML,Medicine,20.0,0,2,,,FALSE,
,Atacand 16MG TAB,Medicine,67.35,0,2,,,FALSE,
,Atorlip 10MG 30TAB,Medicine,43.45,0,14,,,FALSE,
,Atorlip 20MG 30TAB,Medicine,39.53,0,26,,,FALSE,
,Atorva 20MG 30TAB,Medicine,43.45,0,2,,,FALSE,
,Augmentin 1GM,General,78.3,0,7,,,FALSE,
,Augmentin 375MG,Medicine,36.75,0,6,,,FALSE,
,Augmentin 62.5MG Drops,Medicine,19.1,0,1,,,FALSE,
,Augmentin 625MG,Medicine,63.8,0,7,,,FALSE,
,Avalon AVO Emulgel 100G,Medicine,14.4,0,3,,,FALSE,
,Avalon Avocin 1% Solution,Medicine,15.05,0,1,,,FALSE,
,Avalon Avocom-m Cream,Medicine,37.25,0,1,,,FALSE,
,Avalon Avomack Solution,Medicine,24.0,0,6,,,FALSE,
,Avalon Salinos Nas/spr Adu/chi,General,40.0,0,3,,,FALSE,
,Avalon Salinose Nas/drp Baby,Baby & Family Care,34.0,0,3,,,FALSE,
,Avalon Tavflox 500MG 5 TAB,Medicine,40.4,0,3,,,FALSE,
,Avocin Vaginal Cream 40GM,Medicine,38.0,0,1,,,FALSE,
,Avocom M Cream 30GM,Medicine,16.95,0,2,,,FALSE,
,AXE Body Spray 150ML,Medicine,9.0,0,1,,,FALSE,
,AXE OIL BIG 56ML,General,20.5,0,4,,,FALSE,
,AXE OIL Small,General,4.0,0,13,,,FALSE,
,AZERA100MG 90TAB,Medicine,6.35,0,43,,,FALSE,
,AZI Once 200MG 15ML,Medicine,24.6,0,19,,,FALSE,
,AZI Once 200MG 22.5ML,Medicine,33.7,0,13,,,FALSE,
,AZI Once 200MG 30ML,Medicine,38.15,0,13,,,FALSE,
,AZI Once 250 CAP,Medicine,48.56,0,115,,,FALSE,
,Azimac 250MG,Medicine,38.2,0,47,,,FALSE,
,Azimac 500MG,Medicine,38.2,0,28,,,FALSE,
,Azolid 500MG 3TAB,Medicine,26.4,0,25,,,FALSE,
,Azolid FC 250MG 6CAP,Medicine,25.0,0,8,,,FALSE,
,Azolid FC 500MG 6CAP,Medicine,26.4,0,1,,,FALSE,
,B P Digital KBM 21,General,130.0,0,1,,,FALSE,
,Babyjoy NO.1 17PAD,Baby & Family Care,11.0,0,7,,,FALSE,
,Babyjoy NO.2 15PAD,Baby & Family Care,11.15,0,11,,,FALSE,
,Babyjoy NO.3 14PAD,Baby & Family Care,11.0,0,6,,,FALSE,
,Babyjoy NO.4 33PAD,Baby & Family Care,29.0,0,2,,,FALSE,
,Babylyte Solu 240ML,Baby & Family Care,10.0,0,20,,,FALSE,
,Baclon,General,31.4,0,3,,,FALSE,
,Bactall 500MG 10TAB,Medicine,23.4,0,16,,,FALSE,
,Bactrim Forte 10TAB,Medicine,23.3,0,16,,,FALSE,
,Bactrim SYR,Medicine,19.0,0,3,,,FALSE,
,Balsem Gosok Javi,General,5.0,0,13,,,FALSE,
,Bekunis TAB,Medicine,11.7,0,1,,,FALSE,
,Benzaflex 5 MG 30TAB,Medicine,11.5,0,3,,,FALSE,
,Benzal Lotion,Cosmetics & Personal Care,17.0,0,18,,,FALSE,
,Bepanthen Cream,Medicine,22.27,0,6,,,FALSE,
,Bepanthen Oint,Medicine,17.1,0,11,,,FALSE,
,Betaderm Cream,Medicine,4.2,0,5,,,FALSE,
,Betaderm Oint,Medicine,4.2,0,7,,,FALSE,
,Betadine Antisep Solu,General,49.5,0,1,,,FALSE,
,Betadine Oint,Medicine,41.0,0,8,,,FALSE,
,Betasept M/wash,General,24.0,0,3,,,FALSE,
,Betaserc 16MG TAB,Medicine,50.3,0,4,,,FALSE,
,Betaserc 8MG,Medicine,90.45,0,8,,,FALSE,
,Betazol Cream,Medicine,15.62,0,17,,,FALSE,
,Betnovate - N Cream 30GRM,Medicine,10.7,0,3,,,FALSE,
,Betnovate Cream,Medicine,10.1,0,5,,,FALSE,
,Betnovate Oint,Medicine,10.1,0,2,,,FALSE,
,Bigen Hair Colour Small,General,9.0,0,4,,,FALSE,
,Biocal D 60TAB,Medicine,33.0,0,30,,,FALSE,
,Biodal TAB,Medicine,64.1,0,8,,,FALSE,
,Biovitin 10000 Biotin,General,61.05,0,2,,,FALSE,
,Blonder Geli,Medicine,5.0,0,32,,,FALSE,
,Breast Pump Manual,General,24.5,0,5,,,FALSE,
,Broncast 10MG TAB,Medicine,5.0,0,48,,,FALSE,
,Bruffen 400MG,Medicine,13.6,0,21,,,FALSE,
,Buscopan TAB,Medicine,12.76,0,29,,,FALSE,
,Butalin 4MG TAB,Medicine,8.3,0,4,,,FALSE,
,Butalin SYP,Medicine,10.35,0,23,,,FALSE,
,Calamine Lotion 120ML,Cosmetics & Personal Care,20.67,0,8,,,FALSE,
,Calamine Lotion 250ML,Cosmetics & Personal Care,9.0,0,2,,,FALSE,
,Calcefor VIT C,General,18.9,0,1,,,FALSE,
,Caltrate -D 600MG 60,Medicine,33.0,0,1,,,FALSE,
,Candivast 150MG,Medicine,19.45,0,2,,,FALSE,
,Canesten VAG Cream,Medicine,29.2,0,3,,,FALSE,
,Canestene CRM,General,16.15,0,3,,,FALSE,
,Capocard 25MG 20TAB,Medicine,15.15,0,3,,,FALSE,
,Carnivita ADV FOR Women,General,214.3,0,7,,,FALSE,
,Carnivita ADV MEN 50MG,Medicine,248.46,0,6,,,FALSE,
,Casanova Cream 85GM Tube,Medicine,7.0,0,3,,,FALSE,
,Casanova Hair Cream 150GM,Medicine,9.33,0,6,,,FALSE,
,Castor OIL,General,5.88,0,18,,,FALSE,
,Catafast 50MG Sachets,Medicine,18.0,0,15,,,FALSE,
,Cataflam 50MG,Medicine,17.25,0,1,,,FALSE,
,Cefix 200MG CAP,Medicine,36.3,0,2,,,FALSE,
,Cefix 400CAP,Medicine,45.8,0,8,,,FALSE,
,Cefix SYR,Medicine,30.68,0,8,,,FALSE,
,Cefodox 200MG TAB,Medicine,68.95,0,14,,,FALSE,
,Cefutil 250MG CAP,Medicine,23.5,0,10,,,FALSE,
,Cefutil 500 MG CAP,Medicine,36.05,0,22,,,FALSE,
,Celebrex CAP,Medicine,615.73,0,24,,,FALSE,
,Centrum 30TAB,Medicine,20.4,0,27,,,FALSE,
,Centrum Energy 30TAB,Medicine,29.0,0,1,,,FALSE,
,Centrum Silver 100 TAB,Medicine,55.0,0,23,,,FALSE,
,Centrum Silver 30TAB,Medicine,20.4,0,1,,,FALSE,
,Centrum TAB 100,Medicine,55.0,0,6,,,FALSE,
,Chlorohistol SYP,Medicine,5.65,0,6,,,FALSE,
,Chubs Wipes 20,General,10.0,0,1,,,FALSE,
,Cialis 20MG,Medicine,109.5,0,10,,,FALSE,
,Cinderella Reg/wing,General,15.0,0,6,,,FALSE,
,Ciprocin 500MG TAB,Medicine,29.1,0,28,,,FALSE,
,Ciprocin DRP,General,11.5,0,3,,,FALSE,
,Cipropham 500 MG,Medicine,23.29,0,14,,,FALSE,
,Ciproquin 500MG,Medicine,23.85,0,22,,,FALSE,
,Ciproxen 250MG 10TAB,Medicine,30.65,0,11,,,FALSE,
,Ciproxen 500MG 10TAB,Medicine,54.25,0,48,,,FALSE,
,Ciproxen 750MG,Medicine,80.15,0,6,,,FALSE,
,Clara SYP,Medicine,17.65,0,16,,,FALSE,
,Clara TAB,Medicine,17.4,0,36,,,FALSE,
,Claridar 500MG TAB,Medicine,41.45,0,3,,,FALSE,
,Clarimac 500MG 14 TAB,Medicine,51.42,0,9,,,FALSE,
,Clarimac 500MG TAB,Medicine,12.0,0,2,,,FALSE,
,Clarinase TAB,Medicine,18.85,0,28,,,FALSE,
,Claritt 250MG TAB,Medicine,46.9,0,10,,,FALSE,
,Claritt 500 MG,Medicine,70.0,0,9,,,FALSE,
,Clavodar 1GM TAB,Medicine,44.6,0,27,,,FALSE,
,Clavodar 625MG,Medicine,26.64,0,42,,,FALSE,
,Clear Shampoo 200ML,Cosmetics & Personal Care,9.0,0,1,,,FALSE,
,Clear Shampoo 400ML,Cosmetics & Personal Care,12.0,0,4,,,FALSE,
,Clear Shampoo MEN 200ML,Cosmetics & Personal Care,9.33,0,8,,,FALSE,
,Clear Shampoo MEN 350ML,Cosmetics & Personal Care,11.0,0,6,,,FALSE,
,Clear Shampoo MEN 400ML,Cosmetics & Personal Care,16.0,0,2,,,FALSE,
,Climen TAB,Medicine,23.7,0,3,,,FALSE,
,Clofen Creamagel 50GM,Medicine,8.0,0,2,,,FALSE,
,Clogrel 75MG 30TAB,Medicine,118.15,0,2,,,FALSE,
,Clomid 50MG,Medicine,22.5,0,1,,,FALSE,
,Clopacin 75MG,Medicine,118.15,0,2,,,FALSE,
,Close UP T/P 50GM,General,5.0,0,5,,,FALSE,
,Close UP T/P Ever Fresh 25ML,General,2.0,0,3,,,FALSE,
,Clove OIL,General,6.0,0,3,,,FALSE,
,Cobal 500MG,Medicine,20.75,0,19,,,FALSE,
,Colgate T/B 360 Optic White,General,8.0,0,4,,,FALSE,
,Colgate T/B Child,General,5.0,0,8,,,FALSE,
,Colgate T/B Double Action,General,2.0,0,2,,,FALSE,
,Colgate T/B EXT Clean,General,5.0,0,1,,,FALSE,
,Colgate T/B ZIG ZAG,General,6.0,0,2,,,FALSE,
,Colgate T/P Herbal 125ML,General,7.0,0,1,,,FALSE,
,Colgate T/P MAX Fresh 100ML,General,4.0,0,1,,,FALSE,
,Colgate T/P MAX White 100ML,General,1.0,0,39,,,FALSE,
,Coli Urinal Gran,General,6.75,0,5,,,FALSE,
,Concor 2.5MG TAB,Medicine,19.55,0,10,,,FALSE,
,Concor 5 Plus,General,19.5,0,5,,,FALSE,
,Concor 5MG TAB,Medicine,29.25,0,5,,,FALSE,
,Condum Enjoy 12PC,General,11.57,0,49,,,FALSE,
,Condum Enjoy 3PC,General,4.67,0,4,,,FALSE,
,Condum Ultra,General,17.2,0,15,,,FALSE,
,Cool Caps Pepermints,Medicine,8.0,0,2,,,FALSE,
,cordarone(amidrone)150mg amp,Medicine,17.0,0,3,,,FALSE,
,Cortiderm 1% Cream,Medicine,16.35,0,2,,,FALSE,
,Cotton Balls 100,General,5.0,0,4,,,FALSE,
,Cotton Bandage 4x10,Medical Devices,3.0,0,17,,,FALSE,
,Cotton Bandage 4x5,Medical Devices,1.0,0,17,,,FALSE,
,Cotton Bandage 7x4,Medical Devices,2.5,0,14,,,FALSE,
,Cotton Buds 200PCS,General,4.0,0,5,,,FALSE,
,Cotton Buds 300 Norsina,General,4.5,0,14,,,FALSE,
,Cotton Buds Shifa 100,General,3.0,0,3,,,FALSE,
,Coversyl 10MG,Medicine,45.45,0,1,,,FALSE,
,Coversyl 5MG TAB,Medicine,34.55,0,1,,,FALSE,
,Coxicum 15MG TAB,Medicine,13.3,0,10,,,FALSE,
,Coxicum 7.5MG 30TAB,Medicine,24.3,0,13,,,FALSE,
,Coxicum 7.5MG TAB,Medicine,10.85,0,67,,,FALSE,
,Cracked Heel CRM Krack,General,11.0,0,6,,,FALSE,
,Crape Bandage 10CM,Medical Devices,6.0,0,6,,,FALSE,
,Crape Bandage 5CM,Medical Devices,4.5,0,14,,,FALSE,
,Crape Bandage 8CM,Medical Devices,4.5,0,20,,,FALSE,
,Crest T/P Child 50ML,General,6.0,0,4,,,FALSE,
,Crest T/P Fresh Mint 125ML,General,5.0,0,6,,,FALSE,
,Crest T/P Salt Power 125ML,General,5.0,0,6,,,FALSE,
,Crest T/paste C/protec 125ML,General,5.0,0,1,,,FALSE,
,Crest T/paste C/protection 50ML,General,4.0,0,2,,,FALSE,
,Curam 1GM,General,44.15,0,4,,,FALSE,
,Curam 625MG,Medicine,21.85,0,41,,,FALSE,
,Cyclogest 400MG SUP,Medicine,77.62,0,6,,,FALSE,
,Dabur Amla Hair OIL 200ML Gold,General,11.0,0,1,,,FALSE,
,Dabur Amla Hair OIL 300ML,General,13.0,0,4,,,FALSE,
,Dabur Hebal SEN T/P 150ML,General,5.0,0,1,,,FALSE,
,Dabur T/P Herbal 150ML,General,5.0,0,3,,,FALSE,
,Daflon 500MG,Medicine,33.35,0,20,,,FALSE,
,Daktacort CRM,General,11.95,0,3,,,FALSE,
,Daonil M 2.5/500 MG TAB,Medicine,14.85,0,8,,,FALSE,
,Daonil M 5/500 MG TAB,Medicine,21.1,0,8,,,FALSE,
,Decozal 0.1% DRP,General,5.6,0,12,,,FALSE,
,Decozal 0.5% DRP,General,5.5,0,4,,,FALSE,
,Decozal Spry,General,7.55,0,15,,,FALSE,
,Defalat 120MG Chew TAB,Medicine,10.25,0,26,,,FALSE,
,Deflat 40MG 30ML DRP,Medicine,8.55,0,4,,,FALSE,
,Defodin Antisep/solu,General,45.0,0,2,,,FALSE,
,Dentinox DRP,General,37.0,0,2,,,FALSE,
,Dermovate Cream,Medicine,9.45,0,16,,,FALSE,
,Dermovate Oint,Medicine,9.45,0,16,,,FALSE,
,Deslin 2.5MG 5ML SYP 150ML,Medicine,15.9,0,4,,,FALSE,
,Deslor 5MG 20TAB,Medicine,23.3,0,16,,,FALSE,
,Dettol Anti Sept/solu 125ML,General,7.0,0,11,,,FALSE,
,Dettol Anti Sept/solu 250ML,General,11.0,0,3,,,FALSE,
,Dettol Anti Sept/solu 500ML,General,13.0,0,2,,,FALSE,
,Dettol Soap 120GM,Cosmetics & Personal Care,4.0,0,5,,,FALSE,
,Dettol Soap 165GM,Cosmetics & Personal Care,6.0,0,3,,,FALSE,
,Dettol Soap 70GM,Cosmetics & Personal Care,3.0,0,3,,,FALSE,
,Dewax EAR DRP,General,5.14,0,6,,,FALSE,
,Dexaflox DRP,General,14.95,0,35,,,FALSE,
,Dexilant 30MG 28CAP,Medicine,72.15,0,4,,,FALSE,
,Dextrokuf SYP,Medicine,6.88,0,27,,,FALSE,
,Dextrose 5% Child,General,5.0,0,95,,,FALSE,
,Dextrose 50% 50ml,General,9.0,0,3,,,FALSE,
,Dezeroga 10MG 28TAB,Medicine,135.15,0,1,,,FALSE,
,Diamicron MR 60MG 30TAB,Medicine,24.0,0,17,,,FALSE,
,Diamicrone MR TAB,Medicine,24.0,0,5,,,FALSE,
,Diane 35 TAB,Medicine,21.9,0,1,,,FALSE,
,Diclogesic 100MG 20CAP,Medicine,17.2,0,2,,,FALSE,
,Diclogesic 100MG TAB,Medicine,9.05,0,8,,,FALSE,
,Diclogesic 12.5 MG Supp,Medicine,4.6,0,2,,,FALSE,
,Diclogesic 50 MG Supp,Medicine,6.35,0,2,,,FALSE,
,Diclomax 50MG,Medicine,10.55,0,10,,,FALSE,
,Diclopid 50MG 20 TAB,Medicine,9.1,0,2,,,FALSE,
,Dicynone 50MG TAB,Medicine,50.6,0,2,,,FALSE,
,Differine GEL,Medicine,18.75,0,1,,,FALSE,
,Dilanyl SYR,Medicine,9.32,0,66,,,FALSE,
,Diostar - Plus 160/12.5MG 30TAB,Medicine,24.5,0,24,,,FALSE,
,Diostar - Plus 80/12.5MG 30TAB,Medicine,22.4,0,16,,,FALSE,
,Diostar 160 MG,Medicine,23.45,0,13,,,FALSE,
,Diostar 80MG,Medicine,22.4,0,1,,,FALSE,
,Disprin 81MG,Medicine,25.0,0,10,,,FALSE,
,Divido 75MG CAP,Medicine,30.65,0,18,,,FALSE,
,Dizinil 50MG,Medicine,9.4,0,13,,,FALSE,
,Dogmatil 50MG,Medicine,21.4,0,4,,,FALSE,
,Dolvik K,General,19.05,0,5,,,FALSE,
,Domine 40MG amp,Medicine,26.0,0,3,,,FALSE,
,Dompy SYP,Medicine,15.81,0,27,,,FALSE,
,Dompy TAB,Medicine,16.25,0,24,,,FALSE,
,Dorofen CAP,Medicine,51.57,0,12,,,FALSE,
,Dove Body Spry 150ML,General,13.5,0,6,,,FALSE,
,Dove DEO Stick 50ML,Cosmetics & Personal Care,17.0,0,1,,,FALSE,
,Dove Intensive Cream 75GM,Medicine,6.0,0,5,,,FALSE,
,Dove Intensive CRM 250ML,General,15.0,0,1,,,FALSE,
,Dove Shampoo 200ML,Cosmetics & Personal Care,7.0,0,8,,,FALSE,
,Dove Shampoo 400ML,Cosmetics & Personal Care,13.33,0,6,,,FALSE,
,Dove Soap 135GM,Cosmetics & Personal Care,5.5,0,1,,,FALSE,
,Dove Soap 75GM,Cosmetics & Personal Care,4.0,0,2,,,FALSE,
,Dove Stick Original 40G,General,20.0,0,3,,,FALSE,
,Doxydar 100MG,Medicine,12.1,0,31,,,FALSE,
,Dramylin SYP 120ML,Medicine,8.3,0,6,,,FALSE,
,Dramylin SYP 120ML Peadia,Medicine,7.0,0,2,,,FALSE,
,Dulcolax TAB,Medicine,12.88,0,16,,,FALSE,
,Duphalac SYP 300ML,Medicine,24.4,0,7,,,FALSE,
,Duphaston 10MG,Medicine,52.9,0,31,,,FALSE,
,Duracan 150MG CAP,Medicine,23.28,0,9,,,FALSE,
,Dynamic Serv Collar Hard,General,55.0,0,1,,,FALSE,
,Dynamic Serv Collar Soft,General,40.0,0,1,,,FALSE,
,E MOX 125MG SYP,Medicine,6.15,0,3,,,FALSE,
,E MOX 250MG SYP,Medicine,10.25,0,3,,,FALSE,
,E MOX 500MG,Medicine,10.25,0,8,,,FALSE,
,EAR Stud,General,5.0,0,15,,,FALSE,
,Earcalm EAR DRP,General,9.0,0,7,,,FALSE,
,Effervit,General,18.9,0,22,,,FALSE,
,Elegance Adult Diapper,General,35.0,0,1,,,FALSE,
,Elica Cream,Medicine,19.2,0,15,,,FALSE,
,Elica M Cream,Medicine,25.55,0,16,,,FALSE,
,Elica Oint 30GM,Medicine,18.0,0,8,,,FALSE,
,Elicasal 30GM,General,25.55,0,5,,,FALSE,
,Emidol 500MG 24TAB,Medicine,3.45,0,1,,,FALSE,
,Emifenac D,General,23.35,0,11,,,FALSE,
,Emifloc 500MG 5TAB,Medicine,29.8,0,1,,,FALSE,
,Emifloc 500MG 7TAB,Medicine,41.75,0,1,,,FALSE,
,Emox 500MG CAP,Medicine,10.25,0,20,,,FALSE,
,Enchanteur Body Lotion 250ML,Cosmetics & Personal Care,9.75,0,7,,,FALSE,
,Enchanteur Powder 250GM,General,10.0,0,3,,,FALSE,
,Entapro 10MG TAB,Medicine,44.0,0,8,,,FALSE,
,Epicogel Susp,Medicine,6.2,0,10,,,FALSE,
,Epifasi 5000,General,27.15,0,10,,,FALSE,
,Epilat 10MG CAP,Medicine,6.45,0,1,,,FALSE,
,Epimag Effer,General,5.79,0,39,,,FALSE,
,Erecta 100MG 4 TAB,Medicine,48.55,0,16,,,FALSE,
,Erythrodar 400MG,Medicine,10.25,0,19,,,FALSE,
,Esidrex 25MG,Medicine,17.25,0,1,,,FALSE,
,Eskinol Face Cleanser 225ML,General,6.33,0,5,,,FALSE,
,Essential- D3 5000IU 60CAP,Medicine,34.36,0,9,,,FALSE,
,ESSENTIAL-D3 50000 IU 12 Capsules,Medicine,38.45,0,8,,,FALSE,
,Etoria 120MG 7 TAB,Medicine,15.1,0,10,,,FALSE,
,Etoria 90MG 28TAB,Medicine,60.45,0,1,,,FALSE,
,Eucarbon TAB,Medicine,19.95,0,4,,,FALSE,
,Euthyrox 100MCG,General,26.8,0,8,,,FALSE,
,Euthyrox 50MCG,General,22.25,0,1,,,FALSE,
,Evit 400MG,Medicine,36.3,0,32,,,FALSE,
,Exyline SYR Adul,Medicine,7.31,0,23,,,FALSE,
,Exyline SYR Pediac,Medicine,6.0,0,14,,,FALSE,
,Ezilax SYP,Medicine,20.55,0,14,,,FALSE,
,Ezipan SYR,Medicine,44.75,0,2,,,FALSE,
,Ezolvin 4MG SYP,Medicine,7.21,0,27,,,FALSE,
,Ezolvin 8MG 20TAB,Medicine,8.85,0,22,,,FALSE,
,FA Rollon 50ML,General,7.0,0,1,,,FALSE,
,Face Mask BOX,Medical Devices,12.0,0,3,,,FALSE,
,Face Mask Loose,Medical Devices,1.0,0,463,,,FALSE,
,Face Scrub Shifa 300ML,Cosmetics & Personal Care,7.0,0,3,,,FALSE,
,Face Scrub Shifa 500ML,Cosmetics & Personal Care,9.0,0,2,,,FALSE,
,Face Wash Norsina 270ML,Cosmetics & Personal Care,5.0,0,1,,,FALSE,
,Fair & Lowly Face Wash 150GM,Cosmetics & Personal Care,21.0,0,1,,,FALSE,
,Fair&lovely 50GM,General,13.0,0,3,,,FALSE,
,Fair&lovely MEN 100GM,General,17.0,0,2,,,FALSE,
,FAM Comfort,General,4.0,0,4,,,FALSE,
,Fast Flam 50MG,Medicine,26.95,0,6,,,FALSE,
,Fawar Fruit,General,6.45,0,9,,,FALSE,
,Fenam Forte TAB,Medicine,9.95,0,16,,,FALSE,
,Fenistil DRP,General,12.85,0,11,,,FALSE,
,Feroglobin 30CAP,Medicine,23.1,0,49,,,FALSE,
,Feroglobin SYP,Medicine,20.4,0,14,,,FALSE,
,Ferosac INJ,Medicine,94.33,0,5,,,FALSE,
,Ferose F TAB,Medicine,19.4,0,16,,,FALSE,
,Ferose SYP,Medicine,14.35,0,3,,,FALSE,
,Ferose TAB,Medicine,19.3,0,19,,,FALSE,
,Ferplex 40MG 20 Vial,Medicine,38.7,0,15,,,FALSE,
,Ferrofol 30CAP,Medicine,8.4,0,8,,,FALSE,
,FERTAB-50,Medicine,15.75,0,5,,,FALSE,
,Fevadol 100MG Supp,Medicine,7.95,0,10,,,FALSE,
,Fevadol 200 Supp,Medicine,8.9,0,2,,,FALSE,
,Fevadol 350 Supp,Medicine,9.47,0,17,,,FALSE,
,Fevadol 500 TAB,Medicine,4.4,0,76,,,FALSE,
,Fevadol Extra,General,5.62,0,25,,,FALSE,
,Fevadol Plus TAB,Medicine,9.16,0,122,,,FALSE,
,Fevadol SYR,Medicine,9.55,0,73,,,FALSE,
,Fexodin 120MG TAB,Medicine,16.85,0,25,,,FALSE,
,Fexodin 180MG TAB,Medicine,16.85,0,19,,,FALSE,
,Fine Adult Diaper Large,Baby & Family Care,41.0,0,18,,,FALSE,
,Fixit 150MG 14 CAP,Medicine,26.2,0,11,,,FALSE,
,Flagyl 250MG,Medicine,10.05,0,29,,,FALSE,
,Flagyl 500MG,Medicine,19.15,0,20,,,FALSE,
,Flamazine Cream,Medicine,13.95,0,1,,,FALSE,
,Flamingo Razor,Cosmetics & Personal Care,10.5,0,14,,,FALSE,
,Flazol 500MG TAB,Medicine,19.9,0,21,,,FALSE,
,Flazol SYR,Medicine,8.86,0,21,,,FALSE,
,Fleet Enema Adult,General,11.51,0,6,,,FALSE,
,Fleet Enema Pedeac,General,9.75,0,6,,,FALSE,
,Flixotide 125 Evohaler,General,99.69,0,4,,,FALSE,
,Flixotide 125 Micro,General,113.95,0,1,,,FALSE,
,Flocazol 150MG,Medicine,23.73,0,11,,,FALSE,
,Flucazol 150MG,Medicine,15.05,0,44,,,FALSE,
,Fludrex SYP,Medicine,12.0,0,9,,,FALSE,
,Fludrex TAB,Medicine,11.7,0,58,,,FALSE,
,Flutab,Medicine,11.39,0,14,,,FALSE,
,Folic Acid 1MG,Vitamins & Supplements,6.9,0,9,,,FALSE,
,Folic Acid 5MG,Vitamins & Supplements,6.5,0,56,,,FALSE,
,Folicum 1MG TAB,Vitamins & Supplements,6.53,0,22,,,FALSE,
,Formit 750 XR 30TAB,Medicine,22.5,0,4,,,FALSE,
,Fucicort Cream,Medicine,38.5,0,1,,,FALSE,
,Fucicort Cream 30GM,Medicine,38.5,0,1,,,FALSE,
,Fucidin Cream,Medicine,19.75,0,6,,,FALSE,
,Fucidin Oint,Medicine,19.75,0,5,,,FALSE,
,Fucithalmic EYE DRP,General,15.75,0,1,,,FALSE,
,Funzol 150MG,Medicine,15.05,0,2,,,FALSE,
,Furazol TAB,Medicine,11.4,0,20,,,FALSE,
,Fusibact B Cream,Medicine,14.33,0,36,,,FALSE,
,Fusibact Cream,Medicine,8.25,0,18,,,FALSE,
,Fusibact Oint,Medicine,10.19,0,34,,,FALSE,
,Fusiderm B Cream,Medicine,11.65,0,5,,,FALSE,
,Fusiderm Cream,Medicine,11.35,0,12,,,FALSE,
,Fusiderm Oint,Medicine,10.1,0,3,,,FALSE,
,Fusix 40MG,Medicine,21.32,0,16,,,FALSE,
,Galvus 50MG 28TAB,Medicine,56.1,0,11,,,FALSE,
,Galvus MET 50/1000,General,100.4,0,4,,,FALSE,
,Galvus MET 50/850,General,100.4,0,8,,,FALSE,
,Gamcet 0.4 MG TAB,Medicine,50.3,0,12,,,FALSE,
,Garnier Hair Colour,General,13.62,0,36,,,FALSE,
,Gasec 20MG 14CAP,Medicine,27.5,0,14,,,FALSE,
,Gasec 20MG 28CAP,Medicine,48.4,0,6,,,FALSE,
,Gasec 40MG 14CAP,Medicine,45.1,0,3,,,FALSE,
,Gastrozol 20 MG 14TAB,Medicine,41.35,0,1,,,FALSE,
,Gaviscon SYR,Medicine,14.09,0,13,,,FALSE,
,Gaviscon TAB,Medicine,9.2,0,14,,,FALSE,
,Genprid 50MG,Medicine,12.4,0,4,,,FALSE,
,Gentacin DRP,General,12.0,0,3,,,FALSE,
,Gentacin EYE Oint,Medicine,8.1,0,1,,,FALSE,
,Gentaplex 36 CAP,Medicine,189.0,0,5,,,FALSE,
,Gillette Blade MACH3 1PCS,General,3.5,0,5,,,FALSE,
,Gillette Nacet 2,General,3.0,0,46,,,FALSE,
,Gillette Razor BLUE2 PLU Card,Cosmetics & Personal Care,2.5,0,36,,,FALSE,
,Gillette Razor BLUE2 Plus 10+4,Cosmetics & Personal Care,16.5,0,3,,,FALSE,
,Gillette Razor BLUE2 Plus WO/5PC,Cosmetics & Personal Care,9.0,0,2,,,FALSE,
,Gillette Razor BLUE2 W/5+2,Cosmetics & Personal Care,8.0,0,1,,,FALSE,
,Gillette Razor BLUE3 1BLADE,Cosmetics & Personal Care,3.0,0,3,,,FALSE,
,Gillette Razor BLUE3 Card,Cosmetics & Personal Care,3.0,0,6,,,FALSE,
,Gillette Razor Body 3PCS,Cosmetics & Personal Care,8.0,0,2,,,FALSE,
,Gillette Razor MACH3 1BLADE,Cosmetics & Personal Care,34.0,0,1,,,FALSE,
,Gillette Razor MACH3 Turbo,Cosmetics & Personal Care,39.0,0,1,,,FALSE,
,Gillette Razor Sim/ven 2 8+4,Cosmetics & Personal Care,28.0,0,1,,,FALSE,
,Gillette Razor SIM/VEN3 1PC,Cosmetics & Personal Care,4.5,0,10,,,FALSE,
,Ginexin F 40MG,Medicine,89.0,0,2,,,FALSE,
,Glibil 5MG,Medicine,9.75,0,1,,,FALSE,
,Glim 1 MG,Medicine,19.75,0,3,,,FALSE,
,Glim 2MG,Medicine,29.02,0,2,,,FALSE,
,Glim 3 MG,Medicine,44.8,0,1,,,FALSE,
,Gliptament 50/850MG 56TAB,Medicine,102.7,0,2,,,FALSE,
,Gloclav 375 MG,Medicine,27.7,0,8,,,FALSE,
,Gloclave 625MG,Medicine,48.0,0,16,,,FALSE,
,Glomox 500 CAP,Medicine,13.2,0,19,,,FALSE,
,Gloves BOX,Medical Devices,25.0,0,6,,,FALSE,
,Gloves Loose,Medical Devices,1.0,0,25,,,FALSE,
,Glucare 500 15TAB,Medicine,14.9,0,5,,,FALSE,
,Glucare XR 750,General,31.98,0,13,,,FALSE,
,Glucare XR 750-60 TAB,Medicine,47.5,0,47,,,FALSE,
,Glucophage 500 MG TAB,Medicine,16.55,0,30,,,FALSE,
,Glucophage 750MG XR,Medicine,25.0,0,6,,,FALSE,
,Glucophage 850MG,Medicine,15.4,0,5,,,FALSE,
,Glucose D Powder 500GM,General,13.0,0,16,,,FALSE,
,Glucovance 500/2.5 MG,Medicine,16.5,0,48,,,FALSE,
,Glucovance 500/5 MG,Medicine,23.45,0,19,,,FALSE,
,Glycerin Cream 125ML,Medicine,11.0,0,2,,,FALSE,
,Glycerin Cream 50ML,Medicine,6.0,0,3,,,FALSE,
,Glycerin Liquid 200ML Origi,General,6.0,0,2,,,FALSE,
,Glycerin OIL 100ML,General,10.0,0,6,,,FALSE,
,Glysolid Cream 110GM,Medicine,11.0,0,1,,,FALSE,
,Glysolid Cream 80GM,Medicine,9.0,0,1,,,FALSE,
,GR 6,General,50.0,0,1,,,FALSE,
,Guaphan 100ML SYP,Medicine,6.5,0,4,,,FALSE,
,Gynera TAB,Medicine,17.65,0,1,,,FALSE,
,Hair Colour 60ML Lakme,General,14.0,0,3,,,FALSE,
,Hair R/cream Enjoy,Medicine,9.0,0,3,,,FALSE,
,Head&shoulder Shampoo 1000ML,Cosmetics & Personal Care,35.0,0,1,,,FALSE,
,Head&shoulder Shampoo 200ML,Cosmetics & Personal Care,8.0,0,17,,,FALSE,
,Head&shoulder Shampoo 400ML,Cosmetics & Personal Care,14.0,0,9,,,FALSE,
,Head&shoulder Shampoo 600ML,Cosmetics & Personal Care,23.0,0,1,,,FALSE,
,Heel Balm Elegant,General,8.75,0,3,,,FALSE,
,Heel Cusion Silicare,General,45.0,0,6,,,FALSE,
,HI Medi Plaste Mixed 30PCS,General,4.0,0,3,,,FALSE,
,HI Medi Plaster 10PCS,General,1.0,0,30,,,FALSE,
,HI Medi Plaster BOX,General,10.0,0,2,,,FALSE,
,HI Medi Plaster Loose,General,1.0,0,37,,,FALSE,
,HI Quin 2% Cream,Medicine,23.0,0,1,,,FALSE,
,HI Quin 4% Cream,Medicine,29.25,0,1,,,FALSE,
,Himalaya Face Wash 100GM,Cosmetics & Personal Care,18.0,0,2,,,FALSE,
,Himalaya Face Wash 150ML,Cosmetics & Personal Care,20.33,0,5,,,FALSE,
,Himalaya Face Wash 50ML,Cosmetics & Personal Care,10.0,0,3,,,FALSE,
,Hiquin 2% Cream 30GM,Medicine,23.0,0,1,,,FALSE,
,Histan 4MG,Medicine,6.9,0,20,,,FALSE,
,Histop SYR,Medicine,6.9,0,27,,,FALSE,
,Histop TAB,Medicine,6.9,0,26,,,FALSE,
,HOT Water BAG Fether,General,11.5,0,5,,,FALSE,
,HOT Water BAG Normal,General,10.0,0,3,,,FALSE,
,Hyfresh DRP,General,34.15,0,1,,,FALSE,
,Hymox 250MG CAP,Medicine,20.2,0,3,,,FALSE,
,Hyopan 100ML SYP,Medicine,10.8,0,3,,,FALSE,
,Hyposec 20MG 14CAP,Medicine,31.6,0,5,,,FALSE,
,I Profen 400MG TAB,Medicine,8.4,0,2,,,FALSE,
,Imodium CAP,Medicine,6.45,0,20,,,FALSE,
,Inderal 10MG TAB,Medicine,20.0,0,7,,,FALSE,
,Indicardin 10MG TAB,Medicine,7.0,0,15,,,FALSE,
,Inhixa 20MG SOL 2SYINGE,Medicine,17.86,0,1,,,FALSE,
,Inhixa 40MG SOL 2SYNGE,Medicine,34.65,0,1,,,FALSE,
,Inhixa 60MG SOL.2SYINGE,Medicine,44.6,0,1,,,FALSE,
,Inhixa 80MG SOL.2SYINGE,Medicine,53.15,0,1,,,FALSE,
,Ivarin 10MG 30TAB,Medicine,75.65,0,7,,,FALSE,
,Ivarin 5MG,Medicine,37.8,0,1,,,FALSE,
,Jamieson Melatonine 5MG,Medicine,69.0,0,2,,,FALSE,
,Jardiance 10MG,Medicine,159.0,0,1,,,FALSE,
,Jawahir Hair Rem/crm 500GM,General,8.0,0,2,,,FALSE,
,Jedco Cal-c Effer Granules,General,9.15,0,5,,,FALSE,
,Jedcorene Effer,General,6.75,0,2,,,FALSE,
,Joflam TAB,Medicine,12.4,0,1,,,FALSE,
,Johnson American Por/plast,General,2.8,0,51,,,FALSE,
,Johnson Baby F/powder 200GM,Baby & Family Care,11.0,0,4,,,FALSE,
,Johnson Baby Powder Moist 100GM,Baby & Family Care,5.5,0,2,,,FALSE,
,Johnson Cotten Buds 200PC,General,16.0,0,5,,,FALSE,
,Johnson OIL 300ML,General,12.0,0,3,,,FALSE,
,Johnson Petr/jelly 100ML Baby,Baby & Family Care,8.0,0,2,,,FALSE,
,Johnson Powder 500GM,General,23.0,0,2,,,FALSE,
,Johnson Shampoo 200ML,Cosmetics & Personal Care,8.0,0,3,,,FALSE,
,Johnson Shampoo 300ML,Cosmetics & Personal Care,12.0,0,3,,,FALSE,
,Johnson Shampoo 500ML,Cosmetics & Personal Care,18.0,0,2,,,FALSE,
,Johnson Soap 125GM,Cosmetics & Personal Care,4.0,0,5,,,FALSE,
,Johnson Soft Cream 100ML,Medicine,7.25,0,9,,,FALSE,
,Johnson Soft Cream 200ML,Medicine,10.0,0,1,,,FALSE,
,Johnson Soft Cream 300ML,Medicine,17.0,0,3,,,FALSE,
,Johnson Wipes Sensiti 56PCS,General,11.0,0,3,,,FALSE,
,Johnson Wipes Ulti/clean 48,General,10.0,0,1,,,FALSE,
,Jolen Bleach Cream 113GM,Medicine,34.0,0,3,,,FALSE,
,Jolen Bleach Cream 28GM,Medicine,18.0,0,1,,,FALSE,
,Jospan SYP,Medicine,44.75,0,88,,,FALSE,
,JP Omega 3,Vitamins & Supplements,85.0,0,3,,,FALSE,
,JP Vitalife 30CAP,Medicine,33.2,0,12,,,FALSE,
,Kafosed SYR,Medicine,10.3,0,32,,,FALSE,
,Kapect SYP,Medicine,9.3,0,2,,,FALSE,
,Kapron 500MG TAB,Medicine,23.3,0,19,,,FALSE,
,Kelly Pearl Cream,Medicine,3.5,0,12,,,FALSE,
,Kent Bleach CRM,General,11.0,0,1,,,FALSE,
,Ketofan 25MG TAB,Medicine,8.2,0,1,,,FALSE,
,Klavox 375GM,General,33.1,0,9,,,FALSE,
,Klavox 625GM,General,59.1,0,22,,,FALSE,
,Klavox SYR 156,Medicine,17.95,0,21,,,FALSE,
,Klavox SYR 228,Medicine,15.25,0,12,,,FALSE,
,Klavox SYR 312,Medicine,29.3,0,11,,,FALSE,
,Klavox SYR 457,Medicine,26.65,0,3,,,FALSE,
,Knee Support Olympian,Medicine,25.0,0,1,,,FALSE,
,Koleston Hair Colour,General,12.12,0,22,,,FALSE,
,Kulax 65 GM,General,15.25,0,3,,,FALSE,
,Labello LIP Balm,General,10.0,0,7,,,FALSE,
,Labello LIP Cream,Medicine,10.0,0,4,,,FALSE,
,Lamifen 15GM Cream,Medicine,19.5,0,3,,,FALSE,
,Lamifen 250MG 14TAB,Medicine,68.85,0,9,,,FALSE,
,Lamifen 250MG 7 CAP,Medicine,34.4,0,5,,,FALSE,
,Lancet Carmed 30G 200PC,Medical Devices,15.0,0,3,,,FALSE,
,Lantus Insuline PEN,General,296.45,0,3,,,FALSE,
,Lasix 40MG TAB,Medicine,20.2,0,11,,,FALSE,
,Laxocodyl 5MG Child Supp,Medicine,7.55,0,1,,,FALSE,
,Laxocodyl Supp 10MG Adult,Medicine,7.55,0,4,,,FALSE,
,Levox 500MG TAB,Medicine,67.75,0,17,,,FALSE,
,Levox 750MG,Medicine,71.95,0,2,,,FALSE,
,Levozal 5MG,Medicine,20.5,0,1,,,FALSE,
,Liblab SYP,Medicine,38.65,0,13,,,FALSE,
,Lifebuoy Soap 125GM,Cosmetics & Personal Care,7.0,0,1,,,FALSE,
,Lipanthyl 145MG TAB,Medicine,44.55,0,52,,,FALSE,
,Lipanthyl 200MG CAP,Medicine,44.55,0,15,,,FALSE,
,Lisino 10MG,Medicine,27.85,0,2,,,FALSE,
,Lisino 20MG,Medicine,47.5,0,1,,,FALSE,
,Lisino 5MG TAB,Medicine,16.85,0,4,,,FALSE,
,Lodipam 5MG 30FC TAB,Medicine,23.8,0,2,,,FALSE,
,Lofral 10MG,Medicine,26.6,0,4,,,FALSE,
,Lofral 5MG,Medicine,16.2,0,17,,,FALSE,
,Logynon TAB,Medicine,12.1,0,1,,,FALSE,
,Lohist TAB,Medicine,10.4,0,2,,,FALSE,
,Lorahist 10MG 10TAB,Medicine,11.55,0,7,,,FALSE,
,Lorinase SYR,Medicine,22.9,0,45,,,FALSE,
,Lorinase-d TAB 2.5/120MG,Medicine,24.6,0,47,,,FALSE,
,Lorine 10MG TAB,Medicine,17.65,0,10,,,FALSE,
,Lorine SYR,Medicine,18.65,0,9,,,FALSE,
,Lotevan 10/160,General,62.9,0,8,,,FALSE,
,Lowrac 5MG TAB,Medicine,21.0,0,2,,,FALSE,
,Lowvasc 5MG CAP,Medicine,27.35,0,2,,,FALSE,
,LUX Soap 125GM,Cosmetics & Personal Care,4.0,0,5,,,FALSE,
,LUX Soap 170GM,Cosmetics & Personal Care,5.0,0,3,,,FALSE,
,LUX Soap 75GM,Cosmetics & Personal Care,3.0,0,3,,,FALSE,
,Mafepain TAB,Medicine,8.95,0,2,,,FALSE,
,Magnetic W/belt Fitrite,General,90.0,0,3,,,FALSE,
,Makida Abduminal Support,Medicine,40.0,0,1,,,FALSE,
,Makida Elbow Guard,General,25.0,0,3,,,FALSE,
,Marlon 10MG 30TAB,Medicine,91.1,0,1,,,FALSE,
,Marnys Fresh Royal Jelly 1000MG 30CAP,Medicine,195.0,0,3,,,FALSE,
,Marnys Junior SYP,Medicine,10.95,0,20,,,FALSE,
,Marvelon TAB,Medicine,14.6,0,2,,,FALSE,
,Maxi Rest Massage Cream 120,Medicine,60.0,0,6,,,FALSE,
,Maxim 400MG 5 TAB,Medicine,61.05,0,1,,,FALSE,
,Mebo Oint 15GM,Medicine,45.0,0,4,,,FALSE,
,Medimix Soap Sandal 125GM,Cosmetics & Personal Care,6.0,0,4,,,FALSE,
,Megamox 625 TAB,Medicine,57.4,0,5,,,FALSE,
,Meligamet 50/1000,General,98.8,0,1,,,FALSE,
,Mentex SYR,Medicine,10.24,0,32,,,FALSE,
,Merional 75MG Vial,Medicine,69.0,0,6,,,FALSE,
,Metaz 30MG CRM,Medicine,21.3,0,1,,,FALSE,
,Metfor 500 MG,Medicine,12.98,0,49,,,FALSE,
,Metfor 850 MG,Medicine,22.35,0,3,,,FALSE,
,Methotrexate 2.5 MG 50 TAB,Medicine,51.6,0,1,,,FALSE,
,Methycobal INJ,Medicine,59.8,0,6,,,FALSE,
,Methycobal TAB,Medicine,24.0,0,26,,,FALSE,
,Meva TAB,Medicine,15.8,0,26,,,FALSE,
,Microfine 0.5ML BOX,General,60.0,0,2,,,FALSE,
,Microfine 0.5ML Loose,General,6.5,0,92,,,FALSE,
,Microfine 1ML BOX,General,55.0,0,1,,,FALSE,
,Microfine 1ML Loose,General,6.33,0,21,,,FALSE,
,Microlut TAB,Medicine,14.55,0,1,,,FALSE,
,Mikostat Oral Susp,Medicine,9.15,0,1,,,FALSE,
,Miragel,Medicine,14.85,0,4,,,FALSE,
,Mirzagen 15MG TAB,Medicine,51.03,0,9,,,FALSE,
,Mixtard INJ,Medicine,65.0,0,22,,,FALSE,
,Mosegor SYP,Medicine,20.05,0,10,,,FALSE,
,Mosegor TAB,Medicine,17.7,0,8,,,FALSE,
,Motilium TAB,Medicine,17.1,0,12,,,FALSE,
,Motrinex 10MG TAB,Medicine,36.2,0,19,,,FALSE,
,Mouth Spry Pepper Mint 20MML,General,4.0,0,3,,,FALSE,
,Mouth Wash Listerine 250ML,General,12.0,0,8,,,FALSE,
,Mouth Wash Listerine 500ML,General,17.0,0,6,,,FALSE,
,Mouth Wash Orodent 250ML,General,7.5,0,7,,,FALSE,
,Moven 15MG 30 TAB,Medicine,35.9,0,8,,,FALSE,
,Moven 7.5MG 30TAB,Medicine,21.85,0,15,,,FALSE,
,Movicol Sachets,Medicine,35.3,0,1,,,FALSE,
,Moxal SYR,Medicine,14.07,0,21,,,FALSE,
,Mucogel SYP,Medicine,6.67,0,15,,,FALSE,
,Mucosolvan 30MG TAB,Medicine,13.5,0,18,,,FALSE,
,Mucosolvan SYR,Medicine,16.44,0,14,,,FALSE,
,MUM Roll ON 75ML,General,12.0,0,5,,,FALSE,
,Muscular Balm Eagle Brand,General,5.0,0,1,,,FALSE,
,Mycoheal 2% Oral GEL,Medicine,12.65,0,7,,,FALSE,
,Mycoheal 400 MG VAG Supp,Medicine,12.25,0,3,,,FALSE,
,Mycosat Oral Susp,Medicine,7.4,0,9,,,FALSE,
,Mysore Sandal Soap 75 GM,Cosmetics & Personal Care,4.0,0,1,,,FALSE,
,Nail Cutter,Cosmetics & Personal Care,3.0,0,3,,,FALSE,
,Nail Cutter Fancy,Cosmetics & Personal Care,5.0,0,8,,,FALSE,
,Nail Polish Remo Manitex 125ML,Cosmetics & Personal Care,8.0,0,2,,,FALSE,
,Nail Polish Remover 177ML,Cosmetics & Personal Care,8.0,0,2,,,FALSE,
,Naphcon A DRP,General,17.25,0,3,,,FALSE,
,Nasonex Nasal Spray,Medicine,47.55,0,3,,,FALSE,
,Natrilix SR TAB,Medicine,27.6,0,2,,,FALSE,
,Natural Vitamin E400IU Softgel CAP,Vitamins & Supplements,36.3,0,9,,,FALSE,
,Navratna H/oil 100ML,General,8.0,0,3,,,FALSE,
,Navratna H/oil 200ML,General,12.0,0,2,,,FALSE,
,Needle Insuline B D,General,1.0,0,79,,,FALSE,
,NEO Healar Oint,Medicine,58.85,0,1,,,FALSE,
,NEO Healar Supp,Medicine,58.75,0,3,,,FALSE,
,Neocarbon CAP,Medicine,12.95,0,1,,,FALSE,
,Neodex DRP,General,10.9,0,9,,,FALSE,
,Neorin SYR,Medicine,22.7,0,16,,,FALSE,
,Neorin TAB,Medicine,25.9,0,18,,,FALSE,
,Nervamine 500MG 30TAB,Medicine,20.8,0,2,,,FALSE,
,Neuro B,General,12.88,0,54,,,FALSE,
,Neurobion INJ,Medicine,45.5,0,17,,,FALSE,
,Neurobion TAB,Medicine,23.3,0,5,,,FALSE,
,Neurorubine Forte TAB,Medicine,12.05,0,17,,,FALSE,
,Neurovit TAB,Medicine,9.17,0,49,,,FALSE,
,Nevotic 500MG 7TAB,Medicine,47.6,0,6,,,FALSE,
,Nevotic 750MG 5TAB,Medicine,43.4,0,10,,,FALSE,
,Nexium 20MG 14TAB,Medicine,35.25,0,6,,,FALSE,
,Nexium 40MG 14TAB,Medicine,48.05,0,12,,,FALSE,
,Nexium 40MG 28TAB,Medicine,77.25,0,4,,,FALSE,
,Nipple Cream Palmers 30GM,Baby & Family Care,25.0,0,2,,,FALSE,
,Nivea Body Lotion 250ML,Cosmetics & Personal Care,15.33,0,4,,,FALSE,
,Nivea Body Spry 150ML,General,15.67,0,5,,,FALSE,
,Nivea Body Stick 40ML,General,15.0,0,2,,,FALSE,
,Nivea Cream 150ML,Medicine,11.0,0,3,,,FALSE,
,Nivea Cream 250ML,Medicine,15.5,0,3,,,FALSE,
,Nivea Cream 400GM,Medicine,20.0,0,2,,,FALSE,
,Nivea Cream 60ML,Medicine,5.0,0,1,,,FALSE,
,Nivea Roll ON 50ML,General,12.0,0,2,,,FALSE,
,Nivea Soft Cream 50ML,Medicine,7.0,0,4,,,FALSE,
,Nizoral CRM,General,19.35,0,6,,,FALSE,
,Nizoral Shampoo,Cosmetics & Personal Care,30.55,0,6,,,FALSE,
,NO Uric 100MG,Medicine,16.3,0,41,,,FALSE,
,NO Uric 300,General,8.0,0,25,,,FALSE,
,Normalix SR 1.5Mg 30TAB,Medicine,24.65,0,3,,,FALSE,
,Normoten 100 MG 28 tab,Medicine,19.25,0,6,,,FALSE,
,Norsina T/B EXT Clean,General,3.0,0,2,,,FALSE,
,Norsina WET Wipes 10,General,1.0,0,14,,,FALSE,
,Norsina Wipes 15PC,General,1.0,0,7,,,FALSE,
,Norsina Wipes 62 PC,General,4.0,0,3,,,FALSE,
,Nospasm TAB,Medicine,13.47,0,2,,,FALSE,
,Novomix 30 Flexpen 100U/ML,General,189.0,0,8,,,FALSE,
,Nunu Baby Gift BOX 100ML,Baby & Family Care,35.0,0,2,,,FALSE,
,Nunu Diaper NO.2 13PAD,Baby & Family Care,6.0,0,2,,,FALSE,
,Nunu Shampoo 400ML,Cosmetics & Personal Care,12.0,0,4,,,FALSE,
,Nurofen 100ML Junifen Syrp,Medicine,17.15,0,2,,,FALSE,
,Ocean Spray,Medicine,45.0,0,3,,,FALSE,
,Oflox DRP,General,13.5,0,4,,,FALSE,
,Olay Classic Beauty Fluid 100ML,General,22.0,0,1,,,FALSE,
,Olfen 50MG TAB,Medicine,12.4,0,3,,,FALSE,
,Olfen GEL,Medicine,13.85,0,27,,,FALSE,
,Olmetec 20MG 28TAB,Medicine,62.45,0,4,,,FALSE,
,Olmetec Plus 20/12.5 TAB,Medicine,65.6,0,6,,,FALSE,
,Omafen 400MG 20TAB,Medicine,6.5,0,2,,,FALSE,
,Omega Pain Killer 120ML,Vitamins & Supplements,21.0,0,2,,,FALSE,
,Omega Pain Killer 60ML,Vitamins & Supplements,11.0,0,4,,,FALSE,
,Omiz 20MG,Medicine,45.95,0,27,,,FALSE,
,Omnic Ocas 0.4MG,Medicine,71.7,0,14,,,FALSE,
,Omol 500MG 20TAB,Medicine,2.31,0,24,,,FALSE,
,Omol Extra 20 TAB,Medicine,3.6,0,1,,,FALSE,
,ONE Alpha 0.25MCG,General,68.1,0,4,,,FALSE,
,Optifresh EYE DRP,General,19.0,0,1,,,FALSE,
,Optipred 1% DRP,General,14.45,0,1,,,FALSE,
,Optizolin DRP,General,7.35,0,1,,,FALSE,
,Oral B T/B Child,General,5.0,0,3,,,FALSE,
,Oral B T/B Classic,General,3.5,0,17,,,FALSE,
,Oral B T/B Kids,Baby & Family Care,5.0,0,12,,,FALSE,
,Oral B T/B Maxi Clean,General,9.0,0,2,,,FALSE,
,Orotix 120MG 7TAB,Medicine,15.7,0,16,,,FALSE,
,ORS Sach 30GM,General,8.01,0,35,,,FALSE,
,Osteocare SYP,Medicine,20.4,0,6,,,FALSE,
,Osteocare TAB,Medicine,21.0,0,42,,,FALSE,
,Otosan Nasal SPY 30ML,General,49.5,0,4,,,FALSE,
,Otrivin DRP Adult,General,11.05,0,2,,,FALSE,
,Otrivin DRP Child,General,10.1,0,3,,,FALSE,
,Otrivin Nasal Spray 1%,Medicine,15.63,0,6,,,FALSE,
,Otrivin Spry Menthol,General,16.55,0,5,,,FALSE,
,Oximal 15MG,Medicine,29.75,0,3,,,FALSE,
,Oximal 7.5MG 30TAB,Medicine,19.65,0,3,,,FALSE,
,Pampers NO.1 21PAD,Medicine,12.0,0,1,,,FALSE,
,Pampers NO.1 26PAD NEW,Medicine,15.0,0,1,,,FALSE,
,Pampers NO.2 23PAD,Medicine,14.0,0,2,,,FALSE,
,Pampers NO.2 64PAD,Medicine,45.0,0,1,,,FALSE,
,Pampers NO.3 13PAD,Medicine,13.0,0,1,,,FALSE,
,Pampers NO.3 18PAD,Medicine,13.0,0,3,,,FALSE,
,Pampers NO.4 12PAD,Medicine,12.0,0,2,,,FALSE,
,Pampers NO.5 10PAD,Medicine,12.0,0,2,,,FALSE,
,Pampers NO.6 15PAD,Medicine,14.0,0,7,,,FALSE,
,Panadol Actifast,General,8.55,0,3,,,FALSE,
,Panadol Advance,General,5.89,0,58,,,FALSE,
,Panadol Baby&infant SYP,Baby & Family Care,11.0,0,2,,,FALSE,
,Panadol Blue,General,5.65,0,70,,,FALSE,
,Panadol Cold AND FLU,General,12.3,0,4,,,FALSE,
,Panadol Cold&flu Sachets,Medicine,17.8,0,1,,,FALSE,
,Panadol Extend,General,15.75,0,1,,,FALSE,
,Panadol Extra,General,7.72,0,161,,,FALSE,
,Panadol Night,General,11.6,0,12,,,FALSE,
,Panadol Sinus,General,13.02,0,5,,,FALSE,
,Panadrex 24MG Syrp,Medicine,5.8,0,3,,,FALSE,
,Panadrex 500MG,Medicine,4.51,0,82,,,FALSE,
,Panadrex 500MG 48 TAB,Medicine,9.4,0,5,,,FALSE,
,Panderm Cream,Medicine,11.05,0,2,,,FALSE,
,Panderm Oint,Medicine,11.05,0,3,,,FALSE,
,Pantene Oil/repl 275ML,General,13.0,0,1,,,FALSE,
,Pantene Shampoo 200ML,Cosmetics & Personal Care,8.0,0,1,,,FALSE,
,Pantol 20MG TAB,Medicine,20.19,0,7,,,FALSE,
,Pantol 40MG 14 TAB,Medicine,39.05,0,24,,,FALSE,
,Pantoloc 40MG 15 TAB,Medicine,28.5,0,17,,,FALSE,
,Pantomax 20MG 15TAB,Medicine,19.7,0,7,,,FALSE,
,Pantomax 20MG 30TAB,Medicine,39.4,0,4,,,FALSE,
,Pantomax 40MG 15 tab,Medicine,31.64,0,46,,,FALSE,
,Pantomax 40MG 30TAB,Medicine,56.45,0,4,,,FALSE,
,Pantozol 20MG 15TAB,Medicine,30.7,0,2,,,FALSE,
,Pantozol 20MG 30TAB,Medicine,54.8,0,2,,,FALSE,
,Papaya Lotion 600ML,Cosmetics & Personal Care,10.0,0,5,,,FALSE,
,Papaya Soap 100 GM,Cosmetics & Personal Care,8.0,0,1,,,FALSE,
,Papaya Soap 135GM,Cosmetics & Personal Care,7.0,0,4,,,FALSE,
,Parachut H/oil Secrets 200ML,General,7.0,0,1,,,FALSE,
,Parachut Pure Cocn OIL 200ML,General,7.0,0,1,,,FALSE,
,Parachut Pure Cocn OIL 500ML,General,13.0,0,1,,,FALSE,
,Parachute Hair Cream 140GM,Medicine,6.0,0,2,,,FALSE,
,Paradontax T/P EXT Fresh 75ML,General,37.0,0,5,,,FALSE,
,Paradontax T/P Com/prot 75ML,General,39.0,0,3,,,FALSE,
,Paradontax T/P Fluoraid 75 ML,General,32.5,0,4,,,FALSE,
,Paradontax T/P Gum+sen Whit 75ML,General,36.0,0,1,,,FALSE,
,Paradontax T/P Original 75ML,General,35.0,0,4,,,FALSE,
,Paradontax T/P Whitninig 75ML,General,33.0,0,3,,,FALSE,
,Parafon CAP,Medicine,29.2,0,5,,,FALSE,
,Paraxone 30CAP,Medicine,26.3,0,6,,,FALSE,
,Paroxat 10MG 30TAB,Medicine,30.15,0,13,,,FALSE,
,Paroxat 20MG 30TAB,Medicine,60.3,0,3,,,FALSE,
,Pears Soap 125GM,Cosmetics & Personal Care,5.0,0,15,,,FALSE,
,Peptazol 15MG 14CAP,Medicine,21.23,0,8,,,FALSE,
,Peptazol 15MG 28CAP,Medicine,45.9,0,3,,,FALSE,
,Peptazol 30MG 14CAP,Medicine,45.95,0,3,,,FALSE,
,Peptazol 30MG 28CAP,Medicine,91.9,0,5,,,FALSE,
,Pert Plus Shampoo 200ML,Cosmetics & Personal Care,7.0,0,1,,,FALSE,
,Pert Plus Shampoo 400ML,Cosmetics & Personal Care,12.0,0,4,,,FALSE,
,Pharmaton CAP,Medicine,36.2,0,34,,,FALSE,
,Pharmaton Kiddi 200ML SYP,Medicine,25.0,0,3,,,FALSE,
,Pilocin 30 GRM Cream,Medicine,15.0,0,14,,,FALSE,
,Plaster Airoplast 10CM,General,9.0,0,2,,,FALSE,
,Plaster Airoplast 5CM,General,8.0,0,5,,,FALSE,
,Plaster Cloth Silk 1.25CM,General,5.0,0,1,,,FALSE,
,Plaster Cloth Silk 10CM,General,12.0,0,3,,,FALSE,
,Plaster Cloth Silk 2.5CM,General,5.0,0,1,,,FALSE,
,Plaster Cloth Silk 7.5CM,General,11.0,0,6,,,FALSE,
,Point Cure Moist/cream 50ML,Medicine,60.0,0,6,,,FALSE,
,Point Herb EAR Drop,Medicine,39.0,0,5,,,FALSE,
,Point Omega OMEGA3,Vitamins & Supplements,117.0,0,4,,,FALSE,
,Ponds Powder 400GM,General,12.0,0,2,,,FALSE,
,Ponston Forte,General,15.3,0,20,,,FALSE,
,Povidone Solution 60ML,Medicine,9.67,0,19,,,FALSE,
,Pred Fort Drop,Medicine,16.05,0,1,,,FALSE,
,Predo 25MG 30TAB,Medicine,52.85,0,3,,,FALSE,
,Predo 5MG 30TAB,Medicine,13.72,0,5,,,FALSE,
,Predo SYP,Medicine,42.0,0,1,,,FALSE,
,Pregnancy Test Easy Sure,General,8.0,0,276,,,FALSE,
,Pregnancy Test Fir/step PEN,General,15.0,0,8,,,FALSE,
,Premosan 20 TAB,Medicine,6.7,0,12,,,FALSE,
,Prila 5% 5GM Cream,Medicine,55.0,0,3,,,FALSE,
,Primolut N,General,18.4,0,12,,,FALSE,
,Procto Glyvenol 400 MG Supp,Medicine,26.7,0,1,,,FALSE,
,Procto Glyvenol Cream,Medicine,35.45,0,10,,,FALSE,
,Prof 400MG TAB,Medicine,13.6,0,14,,,FALSE,
,Prof 600MG TAB,Medicine,15.65,0,3,,,FALSE,
,Prof Cold&flue 20TAB,Medicine,11.73,0,47,,,FALSE,
,Prof SYR,Medicine,6.88,0,23,,,FALSE,
,Profinal SYR,Medicine,7.03,0,8,,,FALSE,
,Prosta 4MG 30TAB,Medicine,77.8,0,5,,,FALSE,
,Protogyn 500 TAB,Medicine,10.04,0,13,,,FALSE,
,Proton 20MG 14CAP,Medicine,25.3,0,19,,,FALSE,
,Proton 40 MG 14CAP,Medicine,43.65,0,1,,,FALSE,
,Proxen 500MG,Medicine,35.3,0,36,,,FALSE,
,pulmicort.5 mg 20amp,Medicine,120.0,0,1,,,FALSE,
,Pyralvax Paint,General,12.6,0,1,,,FALSE,
,Quinox 500MG,Medicine,63.85,0,4,,,FALSE,
,Quinox 750MG,Medicine,51.8,0,13,,,FALSE,
,Radian Massage Cream 100 GM,Medicine,15.0,0,2,,,FALSE,
,Radian Massage Cream 40GM,Medicine,9.0,0,4,,,FALSE,
,Rapidus 50MG 20 TAB,Medicine,29.49,0,26,,,FALSE,
,Ravildo 6.25MG 30TAB,Medicine,12.9,0,4,,,FALSE,
,Razon 20MG 30TAB,Medicine,37.65,0,11,,,FALSE,
,Razon 40MG,Medicine,35.15,0,6,,,FALSE,
,Razor Derby SAMURAI2 5PC,Cosmetics & Personal Care,10.0,0,2,,,FALSE,
,Razor Derby SAMURAI3 5PC,Cosmetics & Personal Care,14.0,0,1,,,FALSE,
,Razor Derby Seramik 5PC,Cosmetics & Personal Care,6.0,0,1,,,FALSE,
,Razor Enjoy FOR Women,Cosmetics & Personal Care,7.0,0,10,,,FALSE,
,Redoxon Effe,General,23.12,0,14,,,FALSE,
,Redoxon FS 15TB,General,25.0,0,9,,,FALSE,
,Refresh Tears DRP,General,15.8,0,1,,,FALSE,
,Regulon 21TAB,Medicine,10.2,0,3,,,FALSE,
,Relaxon CAP,Medicine,21.23,0,11,,,FALSE,
,Remox 500MG 20CAP,Medicine,36.35,0,2,,,FALSE,
,Rennie TAB,Medicine,11.15,0,12,,,FALSE,
,Repaderm GEL 40gm,Medicine,18.45,0,3,,,FALSE,
,Reparil 20MG 40TAB,Medicine,20.6,0,8,,,FALSE,
,Reparil GEL 40GM,Medicine,18.45,0,2,,,FALSE,
,Rexona Body Stick 40ML,General,15.0,0,1,,,FALSE,
,Rhinocort Aqua 64 MCG Spray,Medicine,50.65,0,5,,,FALSE,
,Rialocaine 2% GEL,Medicine,7.35,0,1,,,FALSE,
,Riaphan 100ML Syrup,Medicine,9.6,0,6,,,FALSE,
,Riaphylline SYR,Medicine,18.65,0,7,,,FALSE,
,Riaxine SYP,Medicine,9.0,0,26,,,FALSE,
,Riazolin EYE DRP,General,16.65,0,11,,,FALSE,
,Rico Cream,Medicine,7.0,0,2,,,FALSE,
,Rinofed Exp. SYP,Medicine,7.3,0,21,,,FALSE,
,Rinofed Plus SYR,Medicine,9.75,0,20,,,FALSE,
,Rinofed Plus TAB,Medicine,8.65,0,4,,,FALSE,
,Rinofed SYR,Medicine,3.85,0,6,,,FALSE,
,Risek 20MG 14CAP,Medicine,45.95,0,1,,,FALSE,
,Risek 40MG INJ,Medicine,25.0,0,5,,,FALSE,
,Rofenac 12.5 MG Supp,Medicine,8.93,0,35,,,FALSE,
,Rofenac 25 MG Supp,Medicine,12.25,0,10,,,FALSE,
,Rofenac 50MG TAB,Medicine,19.8,0,6,,,FALSE,
,Rofenac D,General,29.55,0,38,,,FALSE,
,Rofenac GEL,Medicine,13.45,0,19,,,FALSE,
,Rowanix CAP,Medicine,47.0,0,23,,,FALSE,
,Roxonin 60MG TAB,Medicine,30.4,0,1,,,FALSE,
,Royal Jelly 1000MG,Medicine,195.0,0,2,,,FALSE,
,Rumafen 50MG TAB,Medicine,21.05,0,2,,,FALSE,
,Rumafen GEL 50GM,Medicine,12.32,0,5,,,FALSE,
,Ruwa Tonexy 50CAP,Medicine,79.75,0,4,,,FALSE,
,Salibet Oint,Medicine,14.4,0,7,,,FALSE,
,Salinal DRP,General,7.35,0,1,,,FALSE,
,Salinose Adul Spray,Medicine,40.0,0,2,,,FALSE,
,Salipax 20MG 30CAP,Medicine,84.45,0,6,,,FALSE,
,Sanovit 320ML SYP,Medicine,26.55,0,1,,,FALSE,
,Sanovit Iron 320ML SYP,Medicine,26.55,0,4,,,FALSE,
,Santavik First AID Strips,Medical Devices,1.0,0,20,,,FALSE,
,Sapofen 400 TAB,Medicine,11.96,0,24,,,FALSE,
,Sapofen 600MG TAB,Medicine,15.95,0,4,,,FALSE,
,Sapofen Junior SYR,Medicine,9.47,0,19,,,FALSE,
,Scopinal SYP,Medicine,10.8,0,3,,,FALSE,
,Scopinal TAB,Medicine,7.4,0,21,,,FALSE,
,Secnid 500MG TAB,Medicine,13.0,0,1,,,FALSE,
,Sefarix 300MG CAP,Medicine,57.8,0,41,,,FALSE,
,Selecta 2.5MG,Medicine,18.55,0,6,,,FALSE,
,Selecta 5MG,Medicine,25.02,0,6,,,FALSE,
,Selecta Plus 5MG 20TAB,Medicine,19.55,0,2,,,FALSE,
,Sene Laxative 45CAP,Medicine,39.0,0,8,,,FALSE,
,Sensodyne T/B Rapid ACT,General,4.0,0,1,,,FALSE,
,Sensodyne T/P Cool Mint 75ML,General,19.0,0,3,,,FALSE,
,Sensodyne T/P Daily Care 75ML,General,19.0,0,5,,,FALSE,
,Sensodyne T/P EXT Fresh 50ML,General,17.0,0,1,,,FALSE,
,Sensodyne T/P Extra Fresh 75ML,General,29.5,0,3,,,FALSE,
,Sensodyne T/P Intene Repair 75ML,General,40.0,0,1,,,FALSE,
,Sensodyne T/P Mul/care White 50ML,General,24.0,0,1,,,FALSE,
,Sensodyne T/P Mul/care White 75ML,General,34.0,0,2,,,FALSE,
,Sensodyne T/P Original 75ML,General,20.5,0,2,,,FALSE,
,Sensodyne T/P Prona Child,General,27.0,0,4,,,FALSE,
,Sensodyne T/P Prona Daily Prot 75ML,General,35.0,0,1,,,FALSE,
,Sensodyne T/P Rep&prot 75ML,General,36.0,0,1,,,FALSE,
,Shifa Face Cleaner 225ML,General,5.0,0,2,,,FALSE,
,Shifa Face Peeler 120ML,General,5.0,0,1,,,FALSE,
,Signal T/P 100ML,General,4.0,0,1,,,FALSE,
,Signal T/P 120GM,General,6.0,0,2,,,FALSE,
,Signal T/P 25GM,General,2.0,0,6,,,FALSE,
,Signal T/P 50GM,General,4.0,0,8,,,FALSE,
,Signal T/P 75ML,General,4.0,0,3,,,FALSE,
,Signal T/P COM8/WHIT 75 ML,General,13.0,0,1,,,FALSE,
,Signal T/P Whitning 75 ML,General,11.0,0,4,,,FALSE,
,Signal Tooth Brush,Cosmetics & Personal Care,8.0,0,2,,,FALSE,
,Siwak F T/P Junior,General,6.5,0,3,,,FALSE,
,Skinoren 20% Cream,Medicine,32.7,0,3,,,FALSE,
,Smart Therapy Plaster,General,3.0,0,19,,,FALSE,
,Snafi 20MG,Medicine,88.95,0,3,,,FALSE,
,Solphadine CAP,Medicine,12.16,0,34,,,FALSE,
,Solphadine Solub,General,12.17,0,29,,,FALSE,
,Sortiva 50 MG TAB,Medicine,43.62,0,9,,,FALSE,
,Steviana Sweetner 100 Sachet,Medicine,23.0,0,6,,,FALSE,
,Strech Mark CRM Palmers 125GM,General,30.5,0,3,,,FALSE,
,Strepsils 24PC,General,31.33,0,3,,,FALSE,
,Strepwells VIT C 1000MG 20TAB,Medicine,23.9,0,1,,,FALSE,
,Sudo Cream 125ML,Medicine,33.0,0,4,,,FALSE,
,Sudo Cream 250GM,Medicine,47.0,0,3,,,FALSE,
,Sudocool 250GM,General,15.0,0,1,,,FALSE,
,Sulphar Soap 100GM,Cosmetics & Personal Care,5.25,0,5,,,FALSE,
,SUN Block CRM,General,31.0,0,2,,,FALSE,
,Sunsilk Conditioner 350ML,Cosmetics & Personal Care,9.0,0,1,,,FALSE,
,Sunsilk Hair Cream 275ML,Medicine,13.0,0,1,,,FALSE,
,Sunsilk Shampoo 200ML,Cosmetics & Personal Care,7.33,0,4,,,FALSE,
,Sunsilk Shampoo 400ML,Cosmetics & Personal Care,12.0,0,2,,,FALSE,
,Syringe 3CC,Medical Devices,1.0,0,127,,,FALSE,
,Syringe 5CC,Medical Devices,1.0,0,90,,,FALSE,
,Tabiflex Cool GEL,Medicine,13.45,0,4,,,FALSE,
,Tabocin 100MG,Medicine,28.85,0,10,,,FALSE,
,Tabunex Nasal Spray,Medicine,46.25,0,2,,,FALSE,
,Tabuvan 160MG TAB,Medicine,36.1,0,1,,,FALSE,
,Teemo 30PAD Junior,General,20.0,0,5,,,FALSE,
,Teemo 33 PAD Large,General,20.0,0,20,,,FALSE,
,Teemo 36PAD Medium,General,20.0,0,24,,,FALSE,
,Teemo 42PAD Small,General,20.0,0,5,,,FALSE,
,Teemo Junior 6 XXL,General,20.0,0,22,,,FALSE,
,Tegretol 200MG TAB,Medicine,30.1,0,6,,,FALSE,
,Tegretol CR 400MG,Medicine,34.7,0,2,,,FALSE,
,Telfast 120MG,Medicine,26.55,0,2,,,FALSE,
,Telfast 180MG,Medicine,28.65,0,6,,,FALSE,
,Tidilor 10MG TAB,Medicine,13.6,0,32,,,FALSE,
,Tiger Balm,General,6.0,0,1,,,FALSE,
,Tilax 2MG TAB,Medicine,17.1,0,10,,,FALSE,
,Tilax 4MG TAB,Medicine,28.4,0,5,,,FALSE,
,Tissue Fine Pocket,General,0.69,0,318,,,FALSE,
,Tobradex DRP,General,21.0,0,3,,,FALSE,
,Tobradex EYE Oint,Medicine,20.4,0,2,,,FALSE,
,Tobrex EYE DRP,General,20.0,0,6,,,FALSE,
,Tobrex EYE Oint,Medicine,18.7,0,2,,,FALSE,
,Tooth Brush Tara,Cosmetics & Personal Care,2.5,0,2,,,FALSE,
,Tooth Brush Child Orange,Cosmetics & Personal Care,2.0,0,5,,,FALSE,
,Tooth Brush Ajay Procare,Cosmetics & Personal Care,4.0,0,1,,,FALSE,
,Tooth Brush Child,Cosmetics & Personal Care,3.0,0,1,,,FALSE,
,Tooth Brush Signal Silver Charcol,Cosmetics & Personal Care,19.5,0,1,,,FALSE,
,Tooth Brush Tara Junior,Cosmetics & Personal Care,2.0,0,1,,,FALSE,
,Toothgel PAW 75ML,Medicine,9.0,0,1,,,FALSE,
,Topferol 50000,General,17.85,0,2,,,FALSE,
,Tracon 100MG 15 CAP,Medicine,101.2,0,10,,,FALSE,
,Tracon 100MG 4CAP,Medicine,54.47,0,12,,,FALSE,
,Trajenta 5 MG,Medicine,99.8,0,1,,,FALSE,
,Trichup OIL 100LM,General,10.0,0,3,,,FALSE,
,Trichup OIL 200ML,General,16.0,0,2,,,FALSE,
,Trichup Shampoo 200ML,Cosmetics & Personal Care,11.5,0,6,,,FALSE,
,Trichup Shampoo 400ML,Cosmetics & Personal Care,17.0,0,1,,,FALSE,
,Trimol 100ML SYR,Medicine,10.9,0,1,,,FALSE,
,Triplex-b 30 TAB,Medicine,19.8,0,8,,,FALSE,
,Trisa T/B Fresh,General,8.0,0,1,,,FALSE,
,Turmaric Soap 75GM,Cosmetics & Personal Care,3.88,0,11,,,FALSE,
,Uralyte U Gran,General,52.1,0,11,,,FALSE,
,Uvamin 100MG RET CAP,Medicine,27.25,0,18,,,FALSE,
,Vaseline Body Lotion 200ML,Cosmetics & Personal Care,12.0,0,3,,,FALSE,
,Vaseline Body Lotion 400ML,Cosmetics & Personal Care,20.0,0,1,,,FALSE,
,Vaseline LIP Care 7GM,General,7.0,0,7,,,FALSE,
,Vaseline Petro/jelly 100ML,General,8.5,0,5,,,FALSE,
,Vaseline Petro/jelly 240ML,General,17.0,0,2,,,FALSE,
,Vaseline Petro/jelly 480ML,General,22.0,0,4,,,FALSE,
,Vaseline Petro/jely 60ML,General,5.0,0,19,,,FALSE,
,Vatika Conditionar 400ML,General,11.0,0,1,,,FALSE,
,Vatika Hair Crea/gel 250ML,Medicine,10.0,0,6,,,FALSE,
,Vatika Hair Cream 140GM,Medicine,5.0,0,7,,,FALSE,
,Vatika Hair GEL 250ML,Medicine,8.0,0,4,,,FALSE,
,Vatika Hair OIL 200ML,General,8.0,0,4,,,FALSE,
,Vatika Hair OIL 400ML,General,17.0,0,2,,,FALSE,
,Vatika Oil/repl 300ML,General,18.0,0,2,,,FALSE,
,Vatika Shampoo 200ML,Cosmetics & Personal Care,7.0,0,4,,,FALSE,
,Vatika Shampoo 400ML,Cosmetics & Personal Care,9.0,0,4,,,FALSE,
,Vatika Shampoo 400ML Argan,Cosmetics & Personal Care,10.0,0,1,,,FALSE,
,Vavo Shampoo,Cosmetics & Personal Care,25.62,0,7,,,FALSE,
,Vebix DEO Cream,Cosmetics & Personal Care,12.0,0,4,,,FALSE,
,Veet Hair Remo Cream 100ML,Medicine,10.0,0,2,,,FALSE,
,Ventolin Inhelar,General,16.89,0,15,,,FALSE,
,Ventolin Solution,Medicine,18.65,0,12,,,FALSE,
,Ventolin SYR,Medicine,6.95,0,3,,,FALSE,
,Verine CAP 200MG,Medicine,41.63,0,5,,,FALSE,
,Verine TAB 135MG,Medicine,21.65,0,3,,,FALSE,
,Vermox SYR,Medicine,12.3,0,13,,,FALSE,
,Vermox TAB,Medicine,9.5,0,22,,,FALSE,
,Viagra 100MG,Medicine,72.53,0,4,,,FALSE,
,Viagra 50MG,Medicine,70.1,0,2,,,FALSE,
,Vicks Babyrub,Baby & Family Care,17.0,0,5,,,FALSE,
,Vicks Tablet,Medicine,6.75,0,40,,,FALSE,
,Vicks Vapourub 100ML,General,23.0,0,10,,,FALSE,
,Vicks Vapourub 50ML,General,14.0,0,10,,,FALSE,
,Vidrop D3 DRP,Medicine,8.37,0,21,,,FALSE,
,Vitaglobin 30TAB,Medicine,20.4,0,3,,,FALSE,
,Voltaren 12.5MG Supp,Medicine,12.7,0,1,,,FALSE,
,Voltarin 50MG Supp,Medicine,19.9,0,2,,,FALSE,
,Voltarin 75MG TAB,Medicine,30.7,0,1,,,FALSE,
,Voltarin Emulgel 100GM,Medicine,26.0,0,4,,,FALSE,
,Voltic 50MG,Medicine,18.95,0,14,,,FALSE,
,Voltic D,General,26.6,0,16,,,FALSE,
,Vominore 20TAB,Medicine,10.0,0,10,,,FALSE,
,Votrex 50MG TAB,Medicine,10.25,0,2,,,FALSE,
,Welloxon Oxygen 6%,General,6.0,0,24,,,FALSE,
,Wheel Chair,General,260.0,0,2,,,FALSE,
,Xefo 8MG INJ,Medicine,18.35,0,3,,,FALSE,
,Xefo 8MG TAB,Medicine,23.95,0,10,,,FALSE,
,Yasmin TAB,Medicine,23.75,0,2,,,FALSE,
,Zamur 500MG,Medicine,37.85,0,12,,,FALSE,
,Zertazine 10MG 10 TAB,Medicine,9.25,0,14,,,FALSE,
,Zertazine 10MG 20 TAB,Medicine,16.75,0,5,,,FALSE,
,Zertazine SYP,Medicine,8.15,0,2,,,FALSE,
,Zetron 250 CAP,Medicine,50.0,0,1,,,FALSE,
,Zimax 200MG SYR,Medicine,24.6,0,2,,,FALSE,
,Zimax 300MG SYR,Medicine,33.7,0,2,,,FALSE,
,Zinco C Orange 24TAB,Vitamins & Supplements,29.9,0,12,,,FALSE,
,Zinco Vitamin C+zinc 1000MG 24TAB,Vitamins & Supplements,35.0,0,20,,,FALSE,
,Zovirax 10GM Cream,Medicine,25.35,0,4,,,FALSE,
,Zovirax 200MG,Medicine,74.4,0,10,,,FALSE,
,Zovirax SYP,Medicine,75.3,0,1,,,FALSE,
,Zyrtec 10MG,Medicine,16.2,0,8,,,FALSE,
